technology_domain,roadmap_stage,decision_title,core_question,left_choice,right_choice,decision_type,treasury_effect,energy_compute_effect,political_support_effect,public_welfare_effect,rd_capacity_effect,international_reputation_effect,security_sovereignty_effect,environment_effect,educational_note
Artificial Intelligence,any stage,Student Data for National Models,Authorize controlled access to student data for model training?,Authorize controlled access,Refuse — protect privacy,certain outcome,,,L0 / R+3,L-8 / R+7,L+9 / R-4,L+7 / R0,,,"Foundation-model performance scales with data, but re-identification risk makes 'anonymized' a weak guarantee."
Artificial Intelligence,any stage,Data Centers vs the Grid,Prioritize compute expansion or household electricity stability?,Prioritize AI compute,Cap data-center load,certain outcome,,L-10 / R+6,,L-7 / R+5,L+8 / R-6,,,,"AI progress is increasingly an energy-policy problem, not just an algorithms problem."
Artificial Intelligence,any stage,Open the Weights?,Release the model weights openly?,Release openly,Keep closed / API-only,certain outcome,,,L+6 / R-3,,L+4 / R0,L+10 / R-6,L-9 / R+6,,Open weights cannot be recalled; the decision is effectively irreversible.
Artificial Intelligence,any stage,Automating the Civil Service,Deploy automation across the civil service now?,Deploy and downsize,Phase in with retraining,certain outcome,L+9 / R-5,,L-6 / R0,L-8 / R+4,L+5 / R0,L0 / R+5,,,Productivity gains and labor displacement are two faces of the same deployment.
Artificial Intelligence,any stage,Predictive Policing Pilot,Roll out AI surveillance for public safety?,Deploy surveillance,Halt the program,certain outcome,,,L0 / R+3,L-9 / R+6,,,L+8 / R-4,,Dual-use AI blurs the line between protection and oppression depending on oversight.
Artificial Intelligence,any stage,Whose Standard Wins?,"Champion your own national standard, or adopt the emerging international one?",Champion a national standard,Adopt the international standard,certain outcome,,,,,L+3 / R-2,L-3 / R+5,L+4 / R-2,,Whoever sets the standard shapes years of downstream compliance costs for everyone else.
Artificial Intelligence,early (stages 1-2),The National Data Trust,Open public records for model training?,Open the records,Opt-in only,certain outcome,,,,L-7 / R+5,L+8 / R-4,L-3 / R+3,,,"Model performance scales with data, which puts constant pressure on privacy norms."
Artificial Intelligence,early (stages 1-2),Compute at What Cost,Build the cluster on dirty power?,Build it fast,Wait for clean power,certain outcome,L0 / R-6,L+8 / R0,,,L+5 / R-3,,,L-8 / R+5,AI infrastructure decisions are increasingly energy-policy decisions.
Artificial Intelligence,late (stage 5),The Automation Dividend,Deploy nationally at full speed?,Deploy at full speed,Phase in with retraining,certain outcome,L+7 / R-6,,L-5 / R+3,L-9 / R+5,L+5 / R0,,,,Productivity gains and job losses rarely land on the same people.
Artificial Intelligence,late (stage 5),Open the Model,Release the model openly?,Release openly,Restrict access,certain outcome,,,,,L+3 / R0,L+8 / R-5,L-8 / R+7,,Open weights cannot be recalled — the decision is effectively permanent.
Artificial Intelligence,mid (stages 3-4),Ship or Align,Ship now or finish alignment work?,Ship now,Finish alignment,certain outcome,,,,L-4 / R0,L+7 / R-5,L0 / R+5,L-6 / R+5,,Safety work is invisible when it succeeds and catastrophic when it is skipped.
Artificial Intelligence,mid (stages 3-4),The Defense Contract,Take military funding for the lab?,Take the funding,Stay independent,certain outcome,L+9 / R-6,,,L-2 / R0,L0 / R-3,L-5 / R+5,L+6 / R0,,Funding source shapes research agendas long before it shapes any single result.
Artificial Intelligence,mid (stages 3-4),The Untested Training Run,Bet the year’s compute on a single run?,Bet everything on the run,"Run three smaller, safer models",GAMBLE (probabilistic outcome),L 55%:-6 / 45%:-10 / R-3,,L 55%:0 / 45%:-5 / R0,,L 55%:+14 / 45%:-12 / R+3,L 55%:+6 / 45%:0 / R0,,,Frontier training runs are close to irreversible bets: the compute is spent whether or not the model works.
Biotechnology,any stage,The National Biobank,Build a large national genomic biobank?,Build the biobank,"Opt-in, small scale",certain outcome,,,,L-7 / R+5,L+9 / R-3,L+4 / R0,,,Genomic data is uniquely identifying and implicates relatives who never consented.
Biotechnology,any stage,Fast-Track the Cure,Grant emergency fast-track approval?,Fast-track approval,Require full trials,certain outcome,,,L-3 / R+2,L+2 / R+5,L+5 / R-4,,,,"Compassionate access and rigorous safety are in genuine, not fake, tension."
Biotechnology,any stage,Gain-of-Function Oversight,Permit the gain-of-function research?,Permit with oversight,Ban the research,certain outcome,,,L-4 / R+3,,L+6 / R-4,,L-8 / R+6,,Dual-use life-science research sits at the center of biosecurity governance debates.
Biotechnology,any stage,GM Crops vs Public Fear,Approve nationwide GM crop cultivation?,Approve GM crops,Maintain the ban,certain outcome,,,,,,,L+5 / R-3,L+2 / R0,GM debates show how risk perception can diverge sharply from scientific consensus.
Biotechnology,any stage,Price of a Lifesaver,License the lifesaving drug at low cost globally?,License cheaply,Maximize revenue,certain outcome,L-7 / R+9,,L+9 / R-7,L+4 / R0,,,,,Access-vs-incentive tension underlies most global pharmaceutical disputes.
Biotechnology,any stage,The Gain-of-Function Question,"Continue the research under tighter controls, or halt it entirely?",Continue under tighter controls,Halt the research,certain outcome,,,,,L+6 / R-6,L-3 / R+4,L-4 / R+3,,Gain-of-function research sits at the center of an unresolved international biosecurity debate.
Biotechnology,early (stages 1-2),The National Biobank,Make the biobank mandatory?,Make it mandatory,Keep it opt-in,certain outcome,,,,L-8 / R+5,L+8 / R-5,L-4 / R+4,,,Genomic data is uniquely identifying and implicates relatives who never consented.
Biotechnology,early (stages 1-2),Pathogen Data,Publish the sequence openly?,Publish openly,Restrict access,certain outcome,,,,L+3 / R-2,,L+7 / R-5,L-7 / R+7,,Rapid sequence sharing enabled COVID vaccines and also lowered synthesis barriers.
Biotechnology,late (stage 5),Price the Cure,How do you price the cure?,Maximize revenue,License it cheaply,certain outcome,L+9 / R-6,,,L-8 / R+6,L+3 / R0,L-5 / R+8,,,The access-versus-innovation tradeoff is the core unsolved problem of pharmaceutical policy.
Biotechnology,late (stage 5),Editing the Germline,Permit germline editing?,Permit with oversight,Ban it outright,certain outcome,,,,L-4 / R+4,L+7 / R-6,L-5 / R+4,,,Heritable editing is prohibited in most jurisdictions and technically within reach.
Biotechnology,mid (stages 3-4),Trials Abroad,Run the trials offshore?,Run them offshore,Trial domestically,certain outcome,L+4 / R-7,,,,L+7 / R-3,L-8 / R+5,,,Benefit-sharing obligations in international trial ethics are widely ignored in practice.
Biotechnology,mid (stages 3-4),Fast-Track the Therapy,Grant emergency approval?,Fast-track it,Require full trials,certain outcome,,,L+4 / R-3,L-7 / R+6,L+6 / R-4,L0 / R+3,,,"Accelerated approval trades statistical certainty for time, sometimes badly."
Biotechnology,mid (stages 3-4),The Accelerated Trial,Compress the trial timeline?,Compress the timeline,Keep the full timeline,GAMBLE (probabilistic outcome),,,L 55%:0 / 45%:-6 / R0,L 55%:+8 / 45%:-14 / R+4,L 55%:+12 / 45%:0 / R-4,L 55%:+6 / 45%:-10 / R0,,,"Accelerated approval trades certainty for speed, and the cost lands on patients."
Climate Technology,any stage,Tax the Smokestacks,Impose a meaningful carbon tax now?,Impose the tax,Keep industry untaxed,certain outcome,L+6 / R0,,L-7 / R+4,,L-3 / R0,,,L+10 / R-6,Carbon pricing is economically efficient but politically fragile without visible rebates.
Climate Technology,any stage,The Carbon-Removal Moonshot,Fund the unproven carbon-removal moonshot?,Fund the moonshot,Invest in proven measures,certain outcome,L-11 / R-3,,L+6 / R0,,L+8 / R0,,,L+5 / R+6,Carbon removal may be essential later but risks becoming a license to delay cuts now.
Climate Technology,any stage,Managed Retreat,Order a managed retreat from the flood zone?,Relocate the community,Keep defending the coast,certain outcome,L-10 / R-5,,L-6 / R0,L+4 / R-4,,,,L+5 / R-3,"Adaptation increasingly means hard choices about abandonment, not just defense."
Climate Technology,any stage,Green-Steel Mandate,Mandate green steel despite the cost gap?,Mandate green steel,Stay cost-competitive,certain outcome,L-6 / R0,,,,L+5 / R0,,L-4 / R+4,L+9 / R-6,First-movers on green industry risk carbon leakage without border adjustments.
Climate Technology,any stage,Pay for Their Losses,Pay into a loss-and-damage fund for the neighbor?,Pay the compensation,Decline responsibility,certain outcome,L-8 / R+3,,L+9 / R-7,L-3 / R0,,,,,Loss-and-damage finance is among the most contested issues in climate diplomacy.
Climate Technology,any stage,The Adaptation Bill,"Create a permanent adaptation fund, or cap disaster spending year to year?",Create a permanent fund,Cap disaster spending,certain outcome,L-7 / R+5,,L0 / R-3,L+4 / R-5,,,,L+4 / R0,"Adaptation costs compound: deferred resilience spending usually costs more later, after the next disaster."
Climate Technology,early (stages 1-2),Carbon Tax Now,Impose the carbon tax this term?,Impose it now,Defer it,certain outcome,L+5 / R-2,,L-7 / R+5,,L-3 / R0,,,L+8 / R-6,Carbon pricing is economically straightforward and politically brutal.
Climate Technology,early (stages 1-2),Whose Air,Site the plants where land is cheapest?,Site them cheaply,Enforce fair siting,certain outcome,L+6 / R-6,,,L-8 / R+6,L+3 / R0,L0 / R+3,,,Environmental justice research finds siting correlates strongly with local political power.
Climate Technology,late (stage 5),Green Steel Mandate,Mandate green steel now?,Mandate it,Stay cost-competitive,certain outcome,L-6 / R+6,,L-5 / R0,,,L+4 / R-3,,L+8 / R-7,Carbon leakage — emissions relocating rather than falling — is the central design problem.
Climate Technology,late (stage 5),The Geoengineering Trial,Run the trial unilaterally?,Run it,Wait for consensus,certain outcome,,,,,L+7 / R-4,L-9 / R+7,L-3 / R0,L+3 / R-2,Solar geoengineering is cheap enough that a single actor could attempt it alone.
Climate Technology,mid (stages 3-4),The Capture Moonshot,Bet on carbon capture?,Fund the moonshot,Fund proven efficiency,certain outcome,L-9 / R-3,,,,L+7 / R-3,,,L+2 / R+6,Capture at climate-relevant scale remains unproven and energy-intensive.
Climate Technology,mid (stages 3-4),Climate Debt,Pay into the loss-and-damage fund?,Pay in full,Decline liability,certain outcome,L-9 / R+4,,,,,L+9 / R-8,,,Loss-and-damage financing has been among the most contested items in climate diplomacy.
Climate Technology,mid (stages 3-4),The Unproven Capture Plant,Build the first-of-a-kind plant?,Build it,Buy proven offsets instead,GAMBLE (probabilistic outcome),L 45%:0 / 55%:-14 / R-5,,L 45%:0 / 55%:-7 / R0,,L 45%:+6 / 55%:0 / R0,L 45%:+9 / 55%:0 / R-2,,L 45%:+15 / 55%:-5 / R+4,First-of-a-kind industrial plants historically underperform their design specification.
Energy Systems,any stage,"New Nuclear, Old Fears",Commit to a national nuclear build-out?,Build the reactors,Shelve nuclear,certain outcome,,L+12 / R-6,L-7 / R+4,,L+4 / R0,,,L+6 / R-3,Nuclear has low lifecycle emissions but uniquely high public-perception costs.
Energy Systems,any stage,Keep the Coal Plants On,Extend coal to keep the lights on?,Extend coal,Retire on schedule,certain outcome,L+4 / R0,L+9 / R-7,,L0 / R-3,,,,L-11 / R+7,Energy transitions stall at the moment cheap fossil capacity must be retired early.
Energy Systems,any stage,Rationing Day,Prioritize industry or households during the shortage?,Protect industry,Protect households,certain outcome,L+6 / R-6,,L-5 / R+4,L-9 / R+7,L+4 / R0,,,,"Grid prioritization decisions reveal a society's real, not stated, values."
Energy Systems,any stage,The Cross-Border Cable,Join the cross-border interconnect?,Join the supergrid,Stay self-sufficient,certain outcome,L+4 / R-3,L+8 / R-4,L+5 / R0,,,,L-6 / R+5,,Interconnection improves efficiency but turns energy into a geopolitical lever.
Energy Systems,any stage,Solar on Every Roof,Expand rooftop-solar subsidies aggressively?,Expand subsidies,"Slow rollout, upgrade grid first",certain outcome,L-6 / R-3,L-5 / R+5,,L+5 / R-3,,,,L+7 / R0,Distributed generation needs grid modernization or it destabilizes the system it greens.
Energy Systems,any stage,The Blackout Contract,"Award the contract for cost savings, or pay more for a trusted domestic vendor?",Award to the low-cost vendor,Pay more for a trusted vendor,certain outcome,L+6 / R-6,,,,,,L-7 / R+6,,Critical infrastructure vendor selection is a security decision wearing a procurement disguise.
Energy Systems,early (stages 1-2),Restart the Reactors,Restart the nuclear fleet?,Restart them,Keep them shut,certain outcome,L0 / R-4,L+9 / R-5,L-5 / R+4,L-6 / R+3,,,,L+4 / R0,Nuclear acceptance is driven far more by trust in institutions than by accident statistics.
Energy Systems,early (stages 1-2),Who Controls the Grid,Award the contract abroad?,Take the cheap bid,Pay for a domestic vendor,certain outcome,L+7 / R-8,L+3 / R0,,,,,L-9 / R+7,,Grid control systems are among the highest-value targets in any national network.
Energy Systems,late (stage 5),Export the Surplus,Export the surplus power?,Export it,Keep it domestic,certain outcome,L+8 / R-3,L-5 / R+6,,L0 / R+4,,L+4 / R-2,,,Energy interdependence builds both resilience and leverage — in both directions.
Energy Systems,late (stage 5),The Supergrid Question,Join the regional supergrid?,Join the supergrid,Stay islanded,certain outcome,L0 / R-5,L+7 / R-4,,,,L+6 / R0,L-7 / R+7,,Interconnection reduces cost and raises the political stakes of every dispute.
Energy Systems,mid (stages 3-4),Blackout Triage,Who keeps the power?,Protect industry,Protect households,certain outcome,L+4 / R-3,,L0 / R+4,L-9 / R+7,L+5 / R-5,,,,"Load-shedding rules are written long before the emergency, and they are political documents."
Energy Systems,mid (stages 3-4),The Transmission Corridor,Force the corridor through?,Force it through,Reroute and bury it,certain outcome,L0 / R-9,L+8 / R0,L-4 / R0,L-5 / R+4,,,,L-4 / R+3,"Transmission, not generation, is the binding constraint on most clean-energy plans."
Energy Systems,mid (stages 3-4),Run the Reactor Past Schedule,Defer the maintenance outage?,Defer the outage,Take the outage on schedule,GAMBLE (probabilistic outcome),L 65%:+8 / 35%:0 / R0,L 65%:+12 / 35%:-14 / R-6,L 65%:+4 / 35%:-8 / R0,L 65%:0 / 35%:-10 / R-3,,,L0 / R+4,,Deferred maintenance is a classic hidden risk: cheap until precisely the moment it is not.
General (any domain),any stage,Brain Drain,Restrict talent outflow or double down on openness?,Restrict outflow,Improve openness & pay,certain outcome,L0 / R-7,,L-5 / R0,,,L-4 / R+13,,,Coercive retention tends to accelerate the very exodus it tries to stop.
General (any domain),any stage,Elite Capture?,Bail out the strategic lab with public funds?,Fund the rescue,Let it fail,certain outcome,L-8 / R+2,,,L-6 / R+3,L+7 / R-6,,,,Public support for strategic sectors constantly risks being seen as capture.
General (any domain),any stage,The Engineers' Strike,Concede to the striking engineers?,Meet their demands,Hold the line,certain outcome,L-7 / R+3,,,L+4 / R0,L0 / R-3,L+6 / R-6,,,Burnout in critical technical workforces is a quiet strategic vulnerability.
General (any domain),any stage,Scandal in the Flagship,Disclose the scandal fully?,Full transparency,Quietly contain it,certain outcome,,,L-2 / R-1,L+6 / R-8,,,,,Cover-ups compound: the second scandal is usually the concealment.
General (any domain),any stage,Strings Attached,Accept the conditional foreign investment?,Take the investment,Decline the strings,certain outcome,L+11 / R-4,,L-3 / R0,,L+5 / R0,,L-7 / R+4,,Strategic investment can be a Trojan horse for influence and data access.
General (any domain),any stage,Referendum on Spending,Hold the binding referendum?,Hold the referendum,Decide top-down,certain outcome,,,L+3 / R-3,L+6 / R-6,L-5 / R+4,,,,Democratic legitimacy and long-term strategy are often in tension.
General (any domain),any stage,The Whistleblower,Protect the whistleblower?,Protect and reform,Discredit them,certain outcome,,,L+1 / R-3,L+7 / R-9,,,,,Whistleblower protection is a leading indicator of genuine safety culture.
General (any domain),any stage,Direct the Universities,Direct university research by decree?,Direct research,Preserve autonomy,certain outcome,,,,,L+6 / R-3,L-10 / R+10,,,Mission-directed research and curiosity-driven science each produce different breakthroughs.
General (any domain),any stage,Misinformation Wave,Aggressively counter the misinformation?,Launch counter-campaign,Let facts speak slowly,certain outcome,L-5 / R0,,L+2 / R-3,L+5 / R-6,,,,,Public understanding lagging technology is itself a strategic vulnerability.
General (any domain),any stage,Tax Cut or R&D,Invest the surplus in long-term R&D?,Invest in R&D,Cut taxes,certain outcome,,,L-5 / R+6,L0 / R+4,L+6 / R-4,L+4 / R0,,,R&D underinvestment is a classic failure of short political time horizons.
General (any domain),any stage,Welcome the Diaspora,Fund an aggressive diaspora-return program?,Fund the return,Invest in those who stayed,certain outcome,L-7 / R-4,,L-3 / R+3,,L+4 / R0,L+9 / R+4,,,Reverse brain-drain programs can rapidly rebuild capability if managed fairly.
General (any domain),any stage,The Sovereign Bet,Concentrate the sovereign fund on your domain?,Go all-in,Diversify prudently,certain outcome,L-6 / R+4,,,,L+10 / R-3,,L-6 / R+3,,Concentration can win a race or magnify a single point of failure.
General (any domain),any stage,The Import Squeeze,Restart idled nuclear capacity to cut import dependence?,Restart reactors,Pay the import premium,certain outcome,L0 / R-8,L+12 / R0,L-7 / R+3,,L+3 / R0,,,L+3 / R0,Energy-import dependence shapes the strategic options of advanced manufacturing states.
General (any domain),any stage,Precision IP Leak,Offer extraordinary retention terms to keep the expertise home?,Retain at high cost,Let knowledge flow,certain outcome,L-8 / R0,,L0 / R+2,,,L+5 / R+4,L+6 / R-7,,"Manufacturing edge often lives in irreplaceable tacit expertise, not patents."
General (any domain),any stage,The Demographic Cliff,Open the door to large-scale skilled immigration?,Open immigration,Automate instead,certain outcome,L0 / R-5,,L-8 / R0,L0 / R-3,L+4 / R+5,L+10 / R0,,,Aging societies face a stark choice between migration and automation.
General (any domain),any stage,Disaster-Resilience Tech,Invest heavily in disaster-resilience R&D?,Lead on resilience,Defer the spending,certain outcome,L-8 / R+3,,L+5 / R0,L+6 / R-5,L+5 / R0,,,,Necessity-driven innovation can become a durable export advantage.
General (any domain),any stage,Robot Ethics Standard,Adopt a strict humane-robotics export standard?,Adopt the standard,Compete unconstrained,certain outcome,L-4 / R+6,,L+9 / R-6,,L-3 / R+3,,,,Standard-setting is a form of soft power if a country has market weight.
General (any domain),any stage,Talent Visa Backlash,Maintain the wide-open talent visa?,Keep it open,Tighten quotas,certain outcome,,,L-7 / R+5,,L+5 / R0,L+8 / R-10,,,Openness is a small state's superpower and its political flashpoint.
General (any domain),any stage,Overexposed Fund,Rebalance the sovereign fund away from concentration risk?,Rebalance,Ride the position,certain outcome,L-4 / R+6,,,,,,L+9 / R-6,,Financial concentration is a quiet form of strategic dependence.
General (any domain),any stage,The Neutral Data Hub,Insist on staying neutral to both blocs?,Stay neutral,Pick the richer bloc,certain outcome,L-5 / R+9,,L+8 / R-7,,,L+4 / R0,L0 / R-3,,Hedging between blocs is a classic small-state strategy with shrinking room.
General (any domain),any stage,Water and Power Limits,Invest massively in desalination and offshore energy?,Build hard infrastructure,Cap tech growth,certain outcome,L-9 / R+3,L+7 / R0,,,L0 / R-5,,,L-3 / R+4,Small states substitute engineering and capital for scarce natural endowments.
General (any domain),any stage,The Contested Lab,Host the controversial frontier lab?,Host it,Decline politely,certain outcome,,,L-5 / R+4,L-4 / R0,L+8 / R-3,L+5 / R0,,,Research hubs attract both breakthroughs and the controversies that follow them.
General (any domain),any stage,Capital Flight Warning,Impose stabilizing capital controls?,Impose controls,Keep markets free,certain outcome,L+5 / R-7,,L-7 / R+5,,,L-4 / R0,L+4 / R0,,Capital controls protect short-term stability at long-term reputational cost.
General (any domain),any stage,Caught in the Crossfire,Align your export regime with the larger market?,Align with the bloc,Stay a neutral entrepôt,certain outcome,L+7 / R-6,,L-4 / R+4,,,,L+3 / R-4,,Entrepôt economies are uniquely exposed when global trade fractures into blocs.
General (any domain),any stage,Autonomy vs Alignment,Trade governance autonomy for strategic protection?,Accept alignment,Guard autonomy,certain outcome,L+4 / R0,,L-3 / R+4,,,L-6 / R+6,L+7 / R-7,,Smaller jurisdictions constantly negotiate autonomy against protection.
General (any domain),any stage,Prime Cyber Target,Fund a sweeping critical-infrastructure cyber overhaul?,Fund the overhaul,Patch incrementally,certain outcome,L-8 / R+3,,L+3 / R0,,,,L+9 / R-6,,Concentrated digital infrastructure offers efficiency but a fat single target.
General (any domain),any stage,Divided Loyalties,Introduce loyalty screening for sensitive research roles?,Screen for loyalty,Trust your people,certain outcome,,,,,,L-12 / R+9,L+6 / R-5,,Hubs thrive on cosmopolitan talent that securitization can drive away.
General (any domain),any stage,Giants and Garages,Redirect support from conglomerates to startups?,Back the startups,Protect the champions,certain outcome,L-4 / R+4,,L-6 / R0,,L+6 / R-3,L+5 / R0,L0 / R+6,,Concentration in a few firms boosts scale but narrows the innovation base.
General (any domain),any stage,Heavy-Industry Backlash,Mandate costly emissions retrofits on heavy industry?,Mandate retrofits,Prioritize output,certain outcome,L-7 / R+4,,,L+5 / R0,,,L-3 / R+5,L+9 / R-8,Export-led heavy industry concentrates both prosperity and pollution locally.
General (any domain),any stage,Conscript or Create,Create a research-service exemption for top engineers?,Exempt key researchers,No exemptions,certain outcome,,,L-6 / R+4,,L+6 / R-3,L+5 / R-5,,,Allocating scarce talent between defense and research is a real policy dilemma.
General (any domain),any stage,One Big Buyer,Subsidize export diversification away from the dominant buyer?,Diversify markets,Keep the lucrative buyer,certain outcome,L-8 / R+7,,,,,,L+12 / R-6,,Export concentration is a strategic vulnerability disguised as efficiency.
General (any domain),any stage,Where the Waste Goes,Impose a national nuclear-waste site over local objection?,Impose the site,Keep interim storage,certain outcome,,L+6 / R0,L-6 / R0,L-7 / R+3,L+3 / R0,,L0 / R-3,L0 / R-5,Nuclear waste siting is a textbook not-in-my-backyard governance problem.
General (any domain),any stage,Compute Self-Reliance,Pour resources into self-reliant domestic compute?,Build it ourselves,Ration scarce imports,certain outcome,L-9 / R+3,L-4 / R0,,,L+6 / R-5,,L+6 / R0,,Closed systems gain control but pay a steep efficiency and access penalty.
General (any domain),any stage,Quiet Departures,Tighten internal controls to stop the outflow?,Tighten control,Ease conditions to retain,certain outcome,L0 / R-5,,L-4 / R0,L-8 / R+4,,L+3 / R+6,L+7 / R-5,,Coercive retention preserves headcount while corroding morale and trust.
General (any domain),any stage,Around the Sanctions,Authorize sanctions-evading technology acquisition?,Authorize workarounds,Stay within limits,certain outcome,,,L-9 / R+3,,L+8 / R-5,,L+2 / R0,,Sanctions create persistent incentives for covert procurement networks.
General (any domain),any stage,The Special Zone,Open a controlled special research zone?,Open the zone,Keep the system sealed,certain outcome,L+6 / R0,,L0 / R+4,,,L+7 / R-4,L0 / R+3,,Special economic/research zones are a classic controlled-opening experiment.
General (any domain),any stage,Watchful Eyes,Relax pervasive surveillance to rebuild some trust?,Relax surveillance,Maintain tight watch,certain outcome,,,L0 / R+3,L+11 / R-6,,,L-7 / R+6,,Surveillance can secure order while hollowing out the trust innovation needs.
General (any domain),any stage,The Retraction,"Publicly retract and investigate, or quietly correct the record?",Retract publicly & investigate,Quietly correct the record,certain outcome,L-3 / R0,,L-5 / R+3,,,L+4 / R-6,,,Reproducibility failures compound: each unaddressed one makes the next harder to trust and easier to hide.
General (any domain),any stage,Whose Lab Is It?,Accept the corporate terms or protect academic freedom?,Accept corporate terms,Protect academic freedom,certain outcome,L+9 / R-6,,L0 / R+2,,L+4 / R0,L-5 / R+4,,,Publication restrictions can quietly slow an entire field’s progress by delaying peer review.
General (any domain),any stage,The Leaked Dataset,Fully disclose the breach or contain it quietly while you fix it?,Disclose immediately,Contain it quietly,certain outcome,,,L-3 / R+2,L-3 / R-2,,L+3 / R-7,,,Delayed breach disclosure is now illegal in many jurisdictions precisely because containment rarely works.
General (any domain),any stage,"""Trust Us""","Launch a public-trust campaign, or let results speak for themselves over time?",Launch a trust campaign,Let results speak for themselves,certain outcome,L-4 / R+2,,L+5 / R-5,L+2 / R-1,,,,,Public trust in technology programs erodes fast and rebuilds slowly — communication rarely substitutes for policy change.
General (any domain),any stage,Strategic Stockpile,"Fund a strategic stockpile now, or rely on markets to supply what’s needed when it’s needed?",Fund a strategic stockpile,Rely on markets,certain outcome,L-6 / R+3,,,,,,L+6 / R-5,,Stockpiles are a classic case of prevention being invisible right up until the moment it is desperately needed.
General (any domain),any stage,The Emergency Bond,Go to the bond market now?,Issue the bond,Fund it from reserves,GAMBLE (probabilistic outcome),L 60%:+16 / 40%:-10 / R-8,,L 60%:+4 / 40%:-8 / R+2,,,L 60%:0 / 40%:-6 / R0,L0 / R-3,,A failed sovereign auction raises borrowing costs across the whole economy.
General (any domain),any stage,Poach the Rival’s Team,Hire the whole group?,Take the whole team,Recruit slowly and openly,GAMBLE (probabilistic outcome),L 50%:-8 / 50%:-12 / R-4,,L 50%:0 / 50%:-4 / R0,,L 50%:+13 / 50%:0 / R+3,L 50%:0 / 50%:-12 / R+3,,,Acqui-hires frequently fail because the culture that produced the results does not transfer.
General (any domain),any stage,Announce Before You Are Sure,Announce the result now?,Announce it,Wait for replication,GAMBLE (probabilistic outcome),L 50%:+6 / 50%:0 / R-3,,L 50%:+8 / 50%:-8 / R-3,,L 50%:0 / 50%:-6 / R0,L 50%:+11 / 50%:-14 / R+3,,,"Premature announcements damage trust in the whole field, not just the lab responsible."
Advanced Materials,any stage,Open the Rare-Earth Mine,Open the rare-earth mine?,Open the mine,Keep importing,certain outcome,,,,L-4 / R0,L+4 / R0,,L+10 / R-7,L-11 / R+4,Rare-earth processing is geographically concentrated largely due to its pollution.
Advanced Materials,any stage,Strategic Stockpile,Fund a large critical-minerals stockpile?,Build the stockpile,Stay lean,certain outcome,L-8 / R+4,,,,,,L+13 / R-6,,Stockpiles trade present capital for future resilience — hard to value until a crisis.
Advanced Materials,any stage,The Gigafactory,Fast-track the battery gigafactory?,Fast-track it,Demand stricter siting,certain outcome,L+6 / R-5,,,L+4 / R0,,,L+8 / R-3,L-9 / R+4,Battery manufacturing is central to electrification but resource- and water-intensive.
Advanced Materials,any stage,Mine or Recycle,Mandate recycled-content sourcing despite higher cost?,Mandate recycling,Use cheapest source,certain outcome,L-6 / R+4,,,,L+3 / R0,,L+2 / R0,L+8 / R-5,Recycling critical materials reduces dependence but rarely competes on price yet.
Advanced Materials,any stage,Weaponize the Supply,Use your material dominance as a weapon?,Restrict the rival,Keep markets open,certain outcome,L-4 / R+4,,L-9 / R+6,,,,L+2 / R0,,Weaponized interdependence often accelerates rivals' drive to de-risk away from you.
Advanced Materials,any stage,The Mine No One Wants Nearby,Fast-track the mine or accept the delay for environmental review?,Fast-track the mine,Accept the environmental review,certain outcome,L+2 / R-3,,,,,,L+6 / R-3,L-7 / R+4,Rare-earth processing is often more environmentally damaging than the mining itself.
Advanced Materials,early (stages 1-2),Open the Mine,Open the mine?,Open it,Keep importing,certain outcome,L0 / R-3,,,L-4 / R+3,L+4 / R0,,L+7 / R-6,L-9 / R+4,Rare-earth refining is usually more damaging than the mining itself.
Advanced Materials,early (stages 1-2),Simulation on Foreign Clouds,Rent foreign compute?,Rent it abroad,Build a domestic cluster,certain outcome,L+3 / R-9,L0 / R-3,,,L+7 / R+2,,L-6 / R+6,,"Compute dependency exposes research direction, not just research output."
Advanced Materials,late (stage 5),The Export Ban,Ban exports of the material?,Ban exports,Keep markets open,certain outcome,L-4 / R+8,,,,L+3 / R0,L-8 / R+5,L+8 / R-6,,Resource nationalism reliably triggers substitution research in the countries it targets.
Advanced Materials,late (stage 5),Design for Recycling,Mandate recyclable design?,Mandate recycling,Use the cheapest source,certain outcome,L-6 / R+6,,,,L-3 / R+2,,L+3 / R0,L+8 / R-7,"Circular design is cheapest to impose before an industry has scaled, and rarely is."
Advanced Materials,mid (stages 3-4),The Byproduct Problem,Pay for full treatment?,Dispose cheaply,Treat it properly,certain outcome,L+6 / R-8,,,L-4 / R+4,L+3 / R0,,,L-9 / R+6,Externalized disposal costs are the classic hidden subsidy in materials manufacturing.
Advanced Materials,mid (stages 3-4),Share the Recipe,License the process to allies?,License it,Keep it proprietary,certain outcome,L0 / R+4,,,,L+2 / R0,L+7 / R-5,L-6 / R+6,,Process know-how transfers far less easily than blueprints suggest.
Advanced Materials,mid (stages 3-4),Scale Straight From the Lab,Skip the pilot plant?,Scale straight up,Build the pilot plant first,GAMBLE (probabilistic outcome),L 45%:+12 / 55%:-15 / R-6,,,,L 45%:+14 / 55%:-10 / R+2,L 45%:+6 / 55%:0 / R0,L0 / R+3,L 45%:0 / 55%:-6 / R0,Scale-up failure is the single most common way promising materials die.
Quantum Technology,any stage,"Harvest Now, Decrypt Later",Launch an offensive cryptanalysis program?,Launch the program,Focus on defense,certain outcome,,,L-7 / R+3,,L+8 / R-3,L-5 / R0,L+7 / R+4,,"Quantum threatens current public-key cryptography, spurring a covert decrypt-later race."
Quantum Technology,any stage,Post-Quantum Migration,Mandate an immediate post-quantum migration?,Migrate now,Delay migration,certain outcome,L-8 / R+3,,,,L+4 / R0,,L+9 / R-8,,Data stolen today can be decrypted once quantum computers mature — a present risk.
Quantum Technology,any stage,Poach the Pioneers,Aggressively poach the rival quantum team?,Poach the team,Grow your own,certain outcome,L-7 / R-2,,L-6 / R+2,,L+7 / R0,L+11 / R+3,,,In deep-tech fields a handful of people can embody a national capability.
Quantum Technology,any stage,Classify the Lab,Classify your frontier quantum research?,Classify it,Keep it open,certain outcome,,,L-4 / R+4,,L-3 / R0,L-10 / R+7,L+8 / R-6,,Classified science loses the error-correcting power of open peer review.
Quantum Technology,any stage,Quantum Eyes,Field quantum sensing for military mapping?,Field the sensors,Restrict to civilian use,certain outcome,,,L-5 / R+4,,L+5 / R+2,,L+9 / R-3,,"Sensing breakthroughs can quietly upset strategic stability (e.g., undersea deterrence)."
Quantum Technology,any stage,"Harvest Now, Decrypt Later","Fund an emergency migration to quantum-safe encryption, or wait for cheaper, more mature standards?",Fund emergency migration,Wait for mature standards,certain outcome,L-8 / R+4,,,,L+2 / R0,,L+7 / R-6,,"""Harvest now, decrypt later"" attacks make encryption migration urgent well before quantum computers are actually useful."
Quantum Technology,early (stages 1-2),The Talent War,Poach aggressively or grow your own?,Poach the specialists,Train domestically,certain outcome,L-8 / R-5,,,L0 / R+4,L+8 / R-3,L-4 / R0,,,Extreme talent concentration makes small teams strategically decisive.
Quantum Technology,early (stages 1-2),The Helium Reserve,Corner the helium supply?,Stockpile aggressively,Join a shared reserve,certain outcome,L-8 / R0,,,,L+4 / R-2,L-4 / R+6,L+7 / R+2,,"Helium-3 supply is a byproduct of weapons stockpiles, making it structurally scarce."
Quantum Technology,late (stage 5),Their Encryption Is Broken,Disclose the break?,Exploit it quietly,Disclose and help migrate,certain outcome,,,,,L+3 / R0,L-9 / R+9,L+8 / R-5,,The equities debate — exploit or disclose — is unresolved in every major state.
Quantum Technology,late (stage 5),The Migration Bill,Fund the emergency migration?,Fund it now,Delay the spending,certain outcome,L-9 / R+5,,,,,,L+9 / R-8,,Harvest-now-decrypt-later attacks make migration urgent before the machines exist.
Quantum Technology,mid (stages 3-4),Publish the Algorithm,Publish or classify?,Publish openly,Classify the result,certain outcome,,,,,L+3 / R-2,L+8 / R-6,L-7 / R+8,,Classification of mathematics has a long and contested history in cryptography.
Quantum Technology,mid (stages 3-4),Quantum Sensing for Defense,Hand the programme to defense?,Give it to defense,Keep it civilian,certain outcome,L+8 / R-6,,,,L-2 / R+4,L-5 / R+5,L+7 / R-3,,Quantum sensing may destabilize submarine-based nuclear deterrence.
Quantum Technology,mid (stages 3-4),Bet on the Qubit Architecture,Commit everything to your architecture?,Go all-in on your bet,Hedge across two platforms,GAMBLE (probabilistic outcome),L 50%:0 / 50%:-8 / R-9,,,,L 50%:+16 / 50%:-13 / R+2,L 50%:+8 / 50%:-5 / R0,,,Quantum computing has no settled hardware winner; national programmes are making exactly this bet.
Robotics & Automation,any stage,Automate the Ports,Automate the major ports now?,Automate the ports,Negotiate slow transition,certain outcome,L0 / R-4,,L-6 / R0,L-7 / R+3,L+7 / R0,,L+8 / R+2,,Port automation is a recurring flashpoint between efficiency and labor power.
Robotics & Automation,any stage,Export the Drones,Approve the autonomous-drone export?,Approve the export,Block the export,certain outcome,L+9 / R-5,,L-8 / R+5,,L+3 / R0,,L-3 / R0,,Autonomous-weapon norms lag far behind the technology's diffusion.
Robotics & Automation,any stage,Robots for the Elderly,Subsidize care robots at national scale?,Subsidize care robots,Invest in human carers,certain outcome,L-5 / R-6,,,L+3 / R+4,L+5 / R0,L0 / R+3,,,Care robotics raises questions of dignity that pure efficiency metrics miss.
Robotics & Automation,any stage,Certify or Accelerate,Impose strict robot-safety certification?,Mandate certification,Light-touch rules,certain outcome,L-3 / R0,,L+4 / R0,L+6 / R-5,L-5 / R+6,,,,Safety regimes shape who can compete as much as how safe products are.
Robotics & Automation,any stage,Military Robotics Pact,Enter a major military-robotics partnership?,Enter the partnership,Stay civilian-focused,certain outcome,L+9 / R-4,,L-8 / R+5,,L+5 / R0,,L+7 / R0,,Defense funding often becomes the dominant shaper of a tech base's direction.
Robotics & Automation,any stage,The Warehouse Floor,"Approve the automation rollout, or require a phased transition with retraining?",Approve full automation,Require phased transition,certain outcome,L+4 / R-3,,L-3 / R+2,L-7 / R+3,L+7 / R-3,,,,"The efficiency gains from automation are real — so is the concentrated, immediate harm to displaced workers."
Robotics & Automation,early (stages 1-2),The Testbed Factory,Convert the shipyard?,Convert it,Build a new site,certain outcome,L0 / R-8,,L-3 / R0,L-6 / R+3,L+7 / R-2,,,,Industrial transitions concentrate cost locally while spreading benefit nationally.
Robotics & Automation,early (stages 1-2),Imported Actuators,Import the components?,Import them,Build them domestically,certain outcome,L+4 / R-8,,,,L+6 / R-2,,L-7 / R+7,,Firmware-level supply-chain compromise is extremely difficult to detect after deployment.
Robotics & Automation,late (stage 5),The Port Strike,Proceed with automation?,Automate anyway,Negotiate a transition,certain outcome,L+8 / R-6,,L-6 / R+4,L-9 / R+6,L+4 / R-3,,,,Port automation disputes have become the sharpest labour conflicts of the automation era.
Robotics & Automation,late (stage 5),Certify the Fleet,Impose strict certification?,Certify strictly,Light-touch rules,certain outcome,L0 / R+3,,,L+6 / R-6,L-5 / R+6,L+5 / R-4,,,Safety regulation usually arrives after the first well-publicized fatality.
Robotics & Automation,mid (stages 3-4),Robots for Elders,Deploy care robots at scale?,Deploy them,Fund human carers,certain outcome,L+7 / R-8,,L0 / R+3,L-5 / R+8,L+5 / R-3,,,,Care robotics tends to substitute for underfunding rather than for labour itself.
Robotics & Automation,mid (stages 3-4),Autonomous Weapons,Develop autonomous weapons?,Develop them,Renounce the application,certain outcome,L+5 / R-3,,,,,L-9 / R+8,L+8 / R-5,,Meaningful human control remains undefined in international law.
Robotics & Automation,mid (stages 3-4),Deploy Before Full Validation,Deploy on public roads now?,Deploy now,Extend closed testing,GAMBLE (probabilistic outcome),L 55%:+10 / 45%:0 / R-5,,L 55%:0 / 45%:-7 / R0,L 55%:0 / 45%:-13 / R+3,L 55%:+12 / 45%:0 / R-3,L 55%:+5 / 45%:-11 / R0,,,Simulation coverage systematically under-represents rare real-world edge cases.
Semiconductors,any stage,The Megafab Bet,Commit massive subsidies to a domestic megafab?,Build the megafab,Stay fabless / import,certain outcome,L-14 / R+5,L-6 / R0,,,L+11 / R-4,,L+8 / R-8,,Leading-edge fabs cost tens of billions and concentrate risk geographically.
Semiconductors,any stage,Import the Engineers,Open a fast-track visa for foreign chip engineers?,Open the visa,Train locally only,certain outcome,,,L-7 / R+4,,L+6 / R-4,L+10 / R-3,,,"Advanced fabrication is gated by scarce tacit expertise, not just capital."
Semiconductors,any stage,The Forbidden Contract,Quietly fulfill the restricted contract?,Fulfill it covertly,Comply with controls,certain outcome,L+12 / R-6,,L-10 / R+6,,L+3 / R0,,L-5 / R0,,Export-control regimes depend on members not defecting for short-term gain.
Semiconductors,any stage,Espionage Crackdown,Grant broad counter-espionage powers?,Grant the powers,Targeted measures only,certain outcome,,,,,,L-13 / R+5,L+9 / R+2,,"Industrial espionage is real, but blanket suspicion drives away the talent it aims to protect."
Semiconductors,any stage,A Fab's Thirst,Guarantee the fab priority water and power?,Guarantee resources,Share resources fairly,certain outcome,,,,L-6 / R+5,L+7 / R-4,,L+5 / R0,L-7 / R+3,Fabs are among the most water- and energy-intensive facilities on earth.
Semiconductors,any stage,The Subsidy Bidding War,Match the highest bid or let the fab go elsewhere?,Match the highest bid,Let the fab go elsewhere,certain outcome,L-12 / R+4,,L0 / R-2,,L+7 / R-5,,L+3 / R0,,Subsidy auctions between governments tend to escalate faster than the underlying capability actually grows.
Semiconductors,any stage,When the Chokepoint Breaks,"Activate emergency rationing for domestic industry, or buy your way to the front of the global queue?",Ration domestic supply,Buy to the front of the queue,certain outcome,L0 / R-9,,L+2 / R0,L+2 / R0,L-5 / R+5,L0 / R-3,,,Single-supplier chokepoints turn ordinary supply disruptions into systemic emergencies.
Semiconductors,early (stages 1-2),The Lithography Queue,Buy your way into the queue?,Pay and align,Build mature-node capacity,certain outcome,L-9 / R-3,,,,L+8 / R-4,,L-3 / R+6,,EUV lithography is the most concentrated chokepoint in the technology stack.
Semiconductors,early (stages 1-2),Cleanroom Water,Give the fab priority water?,Prioritize the fab,Fund closed-loop recycling,certain outcome,L0 / R-7,,,L-8 / R+4,L+6 / R0,,,L-4 / R+5,Advanced fabs consume millions of litres of ultrapure water daily.
Semiconductors,late (stage 5),The Export Control Demand,Comply with the export controls?,Comply,Keep selling,certain outcome,L-9 / R+8,,,,,L+4 / R-6,L+5 / R-4,,Controls usually accelerate the target’s drive for self-sufficiency.
Semiconductors,late (stage 5),Monopoly Pricing,Maximize revenue from the position?,Maximize revenue,Price it fairly,certain outcome,L+9 / R-4,,,L-4 / R+3,,L-7 / R+7,,,Monopoly pricing in critical inputs propagates through every downstream sector.
Semiconductors,mid (stages 3-4),Yield Secrets,Share the yield data?,Share with allies,Classify it,certain outcome,L0 / R+3,,,,L+3 / R0,L+6 / R-5,L-6 / R+6,,"Process knowledge, not design, is where fab advantage actually lives."
Semiconductors,mid (stages 3-4),Fabs or Schools,Where does the money go?,Subsidize the fab,Fund the schools,certain outcome,L-9 / R0,,L0 / R+4,L-4 / R+6,L+7 / R-4,,,,Fab subsidies are politically visible; the workforce pipeline rarely is.
Semiconductors,mid (stages 3-4),The Yield Gamble,Skip validation to reach market first?,"Ship early, validate later",Complete validation first,GAMBLE (probabilistic outcome),L 50%:+14 / 50%:-14 / R-4,,,,L 50%:+10 / 50%:-8 / R-3,L 50%:+5 / 50%:-10 / R+3,,,"Silicon defects surface only at volume, when recall is most expensive."
Space Technology,any stage,Cut-Price Reusable Launch,"Fast-track the cheaper, less-reviewed launcher?",Fast-track it,Demand full review,certain outcome,L+6 / R-5,,L-4 / R+4,,L+8 / R-3,,L-5 / R0,,Launch economics drive the entire space sector; one failure can erase a reputation.
Space Technology,any stage,Lunar Resource Claim,Stake a unilateral lunar resource claim?,Stake the claim,Wait for a treaty,certain outcome,L+5 / R0,,L-8 / R+7,,L+7 / R-4,,L+3 / R0,,The Outer Space Treaty bans sovereignty claims but is silent on private resource extraction.
Space Technology,any stage,Dual-Use Constellation,Accept military funding for dual-use satellites?,Accept the funding,Keep it civilian,certain outcome,L+10 / R-7,,L-6 / R+5,L-4 / R0,,,L+6 / R0,,"Most space infrastructure is inherently dual-use, complicating arms-control norms."
Space Technology,any stage,Who Cleans the Debris?,Fund an expensive debris-removal mission?,Fund the cleanup,Defer the cost,certain outcome,L-9 / R+4,,L+8 / R0,,,,L0 / R-4,L+6 / R-6,Orbital debris is a classic tragedy of the commons with cascade (Kessler) risk.
Space Technology,any stage,Sell Launch to a Rival Bloc,Take the contract despite diplomatic friction?,Take the money,Decline to protect alliances,certain outcome,L+10 / R-6,,L-7 / R+5,,L+3 / R0,,,,"Launch and satellite access are strategic goods, not ordinary exports."
Space Technology,any stage,The Satellite That Watches Too Much,"Grant the military priority tasking, or keep the constellation civilian-only?",Grant military tasking rights,Keep it civilian-only,certain outcome,L+3 / R-2,,,,,L-5 / R+4,L+7 / R-4,,Dual-use ambiguity is often deliberate — it preserves funding flexibility and diplomatic cover simultaneously.
Space Technology,any stage,Who Cleans Up the Orbit?,"Pay your proportional share into the cleanup fund, or dispute the assessment?",Pay your share,Dispute the assessment,certain outcome,L-5 / R+3,,,,,L+4 / R-5,,L+2 / R0,"Orbital debris is a textbook tragedy of the commons: no single actor caused it, and no single actor can fix it."
Space Technology,early (stages 1-2),The Launch Site,Compulsorily acquire the land?,Take the land,Move the site,certain outcome,L0 / R-8,,L-4 / R0,L-8 / R+4,L+6 / R-2,,,,Large infrastructure repeatedly displaces communities with the least political power.
Space Technology,early (stages 1-2),Dual-Use Launcher,Accept defense co-funding?,Accept co-funding,Keep it civilian,certain outcome,L+8 / R-6,,,,L0 / R-2,L-5 / R+5,L+6 / R0,,Launch and missile technology are physically almost the same problem.
Space Technology,late (stage 5),Debris Liability,Pay into the cleanup fund?,Pay your share,Dispute the bill,certain outcome,L-7 / R+3,,,,,L+5 / R-7,,L+5 / R-3,Orbital debris is the textbook modern tragedy of the commons.
Space Technology,late (stage 5),Weapons in Orbit,Sign the orbital weapons ban?,Sign the ban,Keep the option,certain outcome,,,,,,L+8 / R-7,L-5 / R+8,,"Arms control depends on verification, which orbital systems make unusually hard."
Space Technology,mid (stages 3-4),Who Owns the Regolith,Stake a unilateral claim?,Stake the claim,Push for a treaty,certain outcome,,,,,L+6 / R-4,L-8 / R+8,L+5 / R0,,The Outer Space Treaty bars appropriation of territory but is ambiguous on extracted resources.
Space Technology,mid (stages 3-4),The Risk Margin,Fly on schedule?,Fly on schedule,Stand down,certain outcome,L0 / R-7,,L-4 / R0,L-5 / R+4,L+7 / R0,L0 / R+3,,,"Both Shuttle losses followed known, normalized technical risks."
Space Technology,mid (stages 3-4),Launch Into the Weather Window,Launch into marginal weather?,Launch now,Wait for the next window,GAMBLE (probabilistic outcome),L 60%:0 / 40%:-12 / R-5,,L 60%:+6 / 40%:0 / R-2,L 60%:0 / 40%:-6 / R0,L 60%:+13 / 40%:-14 / R-3,L 60%:+8 / 40%:0 / R0,,,"Launch-window pressure has contributed to several historical failures, including Challenger."
